{
    "wCTExt": 0, 
    "wCA": 19.92036134004593, 
    "wCTInh": -0.001, 
    "wCSigma": -0.1, 
    "wCH": 3.87347412109375, 
    "wAbort": 0
}