{
    "wCTExt": 0.7105322113037109, 
    "wCA": 5.677257690429688, 
    "wCTInh": -0.001, 
    "wCSigma": -0.05504639890789986, 
    "wCH": 2.838628845214844, 
    "wAbort": -8.515886535644531
}