{
    "wCTExt": 1.0, 
    "wCA": 10.051096846582368, 
    "wCTInh": -0.001, 
    "wCSigma": -0.1, 
    "wCH": 2.838628845214844, 
    "wAbort": -10.0
}