{
    "wCTExt": 0, 
    "wCA": 0.07863682746887207, 
    "wCTInh": -0.001, 
    "wCSigma": -0.008, 
    "wCH": 0.11182678222656249, 
    "wAbort": 0
}